detector,pr_auc,spearman_vs_delta_auc,spearman_p,n
cbpe_predicted_drop,0.9749446631310023,-0.8285154919986382,1.2603867713195376e-23,89
psi_mean,0.8396681183990825,-0.385631596867552,0.0001899276668649174,89
domain_auc,0.8354938550505069,-0.333571671773919,0.0014010203344438589,89
psi_max,0.8261888011982832,-0.3262172284644195,0.001809499895523284,89
psi_max_categorical,0.8261888011982832,-0.3262172284644195,0.001809499895523284,89
ks_max_d,0.7691228976738639,-0.15032070527859742,0.1597007300716721,89
psi_max_numeric,0.7354412495103063,-0.082260810350698,0.44345233677706675,89
score_psi,0.6992150355513478,-0.160742254000681,0.13237398707657932,89
neglog_min_p,0.6932374213318396,-0.024896479886598464,0.8168576330091043,89
